Workbook

Sheet hepatitis
A1: age | B1: sex | C1: steroid | D1: antivirals | E1: fatigue | F1: malaise | G1: anorexia | H1: liver_big | I1: liver_firm | J1: spleen_palpable | K1: spiders | L1: ascites | M1: varices | N1: bilirubin | O1: alk_phosphate | P1: sgot | Q1: albumin | R1: protime | S1: histology | T1: class
A2: 30 | B2: male | C2: false | D2: false | E2: false | F2: false | G2: false | H2: false | I2: false | J2: false | K2: false | L2: false | M2: false | N2: 1 | O2: 85 | P2: 18 | Q2: 4 | S2: false | T2: live
A3: 50 | B3: female | C3: false | D3: false | E3: true | F3: false | G3: false | H3: false | I3: false | J3: false | K3: false | L3: false | M3: false | N3: 0.9 | O3: 135 | P3: 42 | Q3: 3.5 | S3: false | T3: live
A4: 78 | B4: female | C4: true | D4: false | E4: true | F4: false | G4: false | H4: true | I4: false | J4: false | K4: false | L4: false | M4: false | N4: 0.7 | O4: 96 | P4: 32 | Q4: 4 | S4: false | T4: live
A5: 31 | B5: female | D5: true | E5: false | F5: false | G5: false | H5: true | I5: false | J5: false | K5: false | L5: false | M5: false | N5: 0.7 | O5: 46 | P5: 52 | Q5: 4 | R5: 80 | S5: false | T5: live
A6: 34 | B6: female | C6: true | D6: false | E6: false | F6: false | G6: false | H6: true | I6: false | J6: false | K6: false | L6: false | M6: false | N6: 1 | P6: 200 | Q6: 4 | S6: false | T6: live
A7: 34 | B7: female | C7: true | D7: false | E7: false | F7: false | G7: false | H7: true | I7: false | J7: false | K7: false | L7: false | M7: false | N7: 0.9 | O7: 95 | P7: 28 | Q7: 4 | R7: 75 | S7: false | T7: live
A8: 51 | B8: female | C8: false | D8: false | E8: true | F8: false | G8: true | H8: true | I8: false | J8: true | K8: true | L8: false | M8: false | S8: false | T8: die
A9: 23 | B9: female | C9: true | D9: false | E9: false | F9: false | G9: false | H9: true | I9: false | J9: false | K9: false | L9: false | M9: false | N9: 1 | S9: false | T9: live
A10: 39 | B10: female | C10: true | D10: false | E10: true | F10: false | G10: false | H10: true | I10: true | J10: false | K10: false | L10: false | M10: false | N10: 0.7 | P10: 48 | Q10: 4.4 | S10: false | T10: live
A11: 30 | B11: female | C11: true | D11: false | E11: false | F11: false | G11: false | H11: true | I11: false | J11: false | K11: false | L11: false | M11: false | N11: 1 | P11: 120 | Q11: 3.9 | S11: false | T11: live
A12: 39 | B12: female | C12: false | D12: true | E12: false | F12: false | G12: false | H12: false | I12: true | J12: false | K12: false | L12: false | M12: false | N12: 1.3 | O12: 78 | P12: 30 | Q12: 4.4 | R12: 85 | S12: false | T12: live
A13: 32 | B13: female | C13: true | D13: true | E13: true | F13: false | G13: false | H13: true | I13: true | J13: false | K13: true | L13: false | M13: false | N13: 1 | O13: 59 | P13: 249 | Q13: 3.7 | R13: 54 | S13: false | T13: live
A14: 41 | B14: female | C14: true | D14: true | E14: true | F14: false | G14: false | H14: true | I14: true | J14: false | K14: false | L14: false | M14: false | N14: 0.9 | O14: 81 | P14: 60 | Q14: 3.9 | R14: 52 | S14: false | T14: live
A15: 30 | B15: female | C15: true | D15: false | E15: true | F15: false | G15: false | H15: true | I15: true | J15: false | K15: false | L15: false | M15: false | N15: 2.2 | O15: 57 | P15: 144 | Q15: 4.9 | R15: 78 | S15: false | T15: live
A16: 47 | B16: female | C16: false | D16: true | E16: false | F16: false | G16: false | H16: true | I16: false | J16: false | K16: false | L16: false | M16: false | P16: 60 | S16: false | T16: live
A17: 38 | B17: female | C17: false | D17: false | E17: true | F17: true | G17: true | H17: true | I17: false | J17: false | K17: false | L17: true | M17: false | N17: 2 | O17: 72 | P17: 89 | Q17: 2.9 | R17: 46 | S17: false | T17: live
A18: 66 | B18: female | C18: true | D18: false | E18: true | F18: false | G18: false | H18: true | I18: false | J18: false | K18: false | L18: false | M18: false | N18: 1.2 | O18: 102 | P18: 53 | Q18: 4.3 | S18: false | T18: live
A19: 40 | B19: female | C19: false | D19: false | E19: true | F19: false | G19: false | H19: true | I19: true | J19: false | K19: false | L19: false | M19: false | N19: 0.6 | O19: 62 | P19: 166 | Q19: 4 | R19: 63 | S19: false | T19: live
A20: 38 | B20: female | C20: true | D20: false | E20: false | F20: false | G20: false | H20: true | I20: false | J20: false | K20: false | L20: false | M20: false | N20: 0.7 | O20: 53 | P20: 42 | Q20: 4.1 | R20: 85 | S20: true | T20: live
A21: 38 | B21: female | C21: false | D21: true | E21: false | F21: false | G21: false | H21: false | I21: true | J21: false | K21: false | L21: false | M21: false | N21: 0.7 | O21: 70 | P21: 28 | Q21: 4.2 | R21: 62 | S21: false | T21: live
A22: 22 | B22: male | C22: true | D22: true | E22: true | F22: false | G22: false | H22: true | I22: false | J22: false | K22: false | L22: false | M22: false | N22: 0.9 | O22: 48 | P22: 20 | Q22: 4.2 | R22: 64 | S22: false | T22: live
A23: 27 | B23: female | C23: true | D23: false | E23: true | F23: true | G23: true | H23: false | I23: true | J23: true | K23: true | L23: false | M23: false | N23: 1.2 | O23: 133 | P23: 98 | Q23: 4.1 | R23: 39 | S23: false | T23: live
A24: 31 | B24: female | C24: true | D24: false | E24: false | F24: false | G24: false | H24: true | I24: false | J24: false | K24: false | L24: false | M24: false | N24: 1 | O24: 85 | P24: 20 | Q24: 4 | R24: 100 | S24: false | T24: live
A25: 42 | B25: female | C25: true | D25: false | E25: false | F25: false | G25: false | H25: true | I25: false | J25: false | K25: false | L25: false | M25: false | N25: 0.9 | O25: 60 | P25: 63 | Q25: 4.7 | R25: 47 | S25: false | T25: live
A26: 25 | B26: male | C26: false | D26: true | E26: false | F26: false | G26: false | H26: true | I26: false | J26: false | K26: false | L26: false | M26: false | N26: 0.4 | O26: 45 | P26: 18 | Q26: 4.3 | R26: 70 | S26: false | T26: live
A27: 27 | B27: female | C27: false | D27: false | E27: true | F27: true | G27: false | H27: true | I27: false | J27: false | K27: false | L27: false | M27: false | N27: 0.8 | O27: 95 | P27: 46 | Q27: 3.8 | R27: 100 | S27: false | T27: live
A28: 49 | B28: female | C28: false | D28: true | E28: true | F28: true | G28: true | H28: true | I28: true | J28: false | K28: true | L28: false | M28: false | N28: 0.6 | O28: 85 | P28: 48 | Q28: 3.7 | S28: false | T28: live
A29: 58 | B29: male | C29: true | D29: false | E29: true | F29: false | G29: false | H29: true | I29: true | J29: false | K29: true | L29: false | M29: false | N29: 1.4 | O29: 175 | P29: 55 | Q29: 2.7 | R29: 36 | S29: false | T29: live
A30: 61 | B30: female | C30: false | D30: false | E30: true | F30: false | G30: false | H30: false | I30: true | J30: false | K30: false | L30: false | M30: false | N30: 1.3 | O30: 78 | P30: 25 | Q30: 3.8 | R30: 100 | S30: false | T30: live
A31: 51 | B31: female | C31: false | D31: true | E31: true | F31: true | G31: false | H31: true | I31: false | J31: false | K31: false | L31: false | M31: false | N31: 1 | O31: 78 | P31: 58 | Q31: 4.6 | R31: 52 | S31: false | T31: live
A32: 39 | B32: female | C32: false | D32: true | E32: true | F32: true | G32: false | H32: true | I32: true | J32: false | K32: false | L32: false | M32: false | N32: 2.3 | O32: 280 | P32: 98 | Q32: 3.8 | R32: 40 | S32: false | T32: die
A33: 62 | B33: female | C33: false | D33: false | E33: true | F33: true | G33: false | J33: false | K33: false | L33: false | M33: false | N33: 1 | P33: 60 | S33: false | T33: die
A34: 41 | B34: male | C34: true | D34: true | E34: true | F34: true | G34: true | H34: true | I34: false | J34: false | K34: false | L34: false | M34: false | N34: 0.7 | O34: 81 | P34: 53 | Q34: 5 | R34: 74 | S34: false | T34: live
A35: 26 | B35: male | C35: false | D35: false | E35: false | F35: false | G35: false | H35: true | I35: true | J35: false | K35: false | L35: false | M35: false | N35: 0.5 | O35: 135 | P35: 29 | Q35: 3.8 | R35: 60 | S35: false | T35: live
A36: 35 | B36: female | C36: true | D36: false | E36: true | F36: false | G36: false | H36: true | I36: false | J36: false | K36: false | L36: false | M36: false | N36: 0.9 | O36: 58 | P36: 92 | Q36: 4.3 | R36: 73 | S36: false | T36: live
A37: 37 | B37: female | C37: true | D37: false | E37: true | F37: false | G37: false | H37: true | I37: false | J37: false | K37: true | L37: false | M37: false | N37: 0.6 | O37: 67 | P37: 28 | Q37: 4.2 | S37: false | T37: die
A38: 23 | B38: female | C38: true | D38: false | E38: true | F38: true | G38: true | H38: true | I38: false | J38: true | K38: false | L38: false | M38: false | N38: 1.3 | O38: 194 | P38: 150 | Q38: 4.1 | R38: 90 | S38: false | T38: live
A39: 20 | B39: male | C39: false | D39: false | E39: true | F39: true | G39: true | H39: false | I39: true | J39: true | K39: true | L39: false | M39: false | N39: 2.3 | O39: 150 | P39: 68 | Q39: 3.9 | S39: false | T39: live
A40: 42 | B40: female | C40: false | D40: false | E40: false | F40: false | G40: false | H40: true | I40: false | J40: false | K40: false | L40: false | M40: false | N40: 1 | O40: 85 | P40: 14 | Q40: 4 | R40: 100 | S40: false | T40: live
A41: 65 | B41: female | C41: true | D41: false | E41: true | F41: true | G41: false | H41: true | I41: true | J41: true | K41: true | L41: true | M41: false | N41: 0.3 | O41: 180 | P41: 53 | Q41: 2.9 | R41: 74 | S41: true | T41: live
A42: 52 | B42: female | C42: false | D42: true | E42: false | F42: false | G42: false | H42: true | I42: false | J42: false | K42: false | L42: false | M42: false | N42: 0.7 | O42: 75 | P42: 55 | Q42: 4 | R42: 21 | S42: false | T42: live
A43: 23 | B43: female | C43: true | D43: false | E43: false | F43: false | G43: false | N43: 4.6 | O43: 56 | P43: 16 | Q43: 4.6 | S43: false | T43: live
A44: 33 | B44: female | C44: true | D44: false | E44: false | F44: false | G44: false | H44: true | I44: false | J44: false | K44: false | L44: false | M44: false | N44: 1 | O44: 46 | P44: 90 | Q44: 4.4 | R44: 60 | S44: false | T44: live
A45: 56 | B45: female | C45: false | D45: false | E45: true | F45: false | G45: false | H45: true | I45: false | J45: false | K45: false | L45: false | M45: false | N45: 0.7 | O45: 71 | P45: 18 | Q45: 4.4 | R45: 100 | S45: false | T45: live
A46: 34 | B46: female | C46: true | D46: false | E46: false | F46: false | G46: false | H46: true | I46: false | J46: false | K46: false | L46: false | M46: false | P46: 86 | S46: false | T46: live
A47: 28 | B47: female | C47: true | D47: false | E47: true | F47: true | G47: false | H47: true | I47: false | J47: false | K47: false | L47: false | M47: false | N47: 0.7 | O47: 74 | P47: 110 | Q47: 4.4 | S47: false | T47: live
A48: 37 | B48: female | C48: false | D48: false | E48: false | F48: false | G48: false | H48: true | I48: true | J48: false | K48: true | L48: false | M48: false | N48: 0.6 | O48: 80 | P48: 80 | Q48: 3.8 | S48: false | T48: live
A49: 28 | B49: male | C49: true | D49: false | E49: true | F49: true | G49: false | H49: true | I49: true | J49: false | K49: false | L49: false | M49: false | N49: 1.8 | O49: 191 | P49: 420 | Q49: 3.3 | R49: 46 | S49: false | T49: live
A50: 36 | B50: female | C50: false | D50: false | E50: false | F50: false | G50: false | H50: true | I50: false | J50: true | K50: false | L50: false | M50: false | N50: 0.8 | O50: 85 | P50: 44 | Q50: 4.2 | R50: 85 | S50: false | T50: live
A51: 38 | B51: female | C51: true | D51: true | E51: true | F51: true | G51: true | H51: true | I51: false | J51: false | K51: true | L51: false | M51: false | N51: 0.7 | O51: 125 | P51: 65 | Q51: 4.2 | R51: 77 | S51: false | T51: live
A52: 39 | B52: female | C52: false | D52: false | E52: false | F52: false | G52: false | H52: true | I52: false | J52: false | K52: false | L52: false | M52: false | N52: 0.9 | O52: 85 | P52: 60 | Q52: 4 | S52: false | T52: live
A53: 39 | B53: female | C53: true | D53: false | E53: false | F53: false | G53: false | H53: true | I53: false | J53: false | K53: false | L53: false | M53: false | N53: 1 | O53: 85 | P53: 20 | Q53: 4 | S53: false | T53: live
A54: 44 | B54: female | C54: true | D54: false | E54: false | F54: false | G54: false | H54: true | I54: false | J54: false | K54: false | L54: false | M54: false | N54: 0.6 | O54: 110 | P54: 145 | Q54: 4.4 | R54: 70 | S54: false | T54: live
A55: 40 | B55: female | C55: true | D55: true | E55: true | F55: false | G55: false | H55: true | I55: true | J55: true | K55: false | L55: false | M55: false | N55: 1.2 | O55: 85 | P55: 31 | Q55: 4 | R55: 100 | S55: false | T55: live
A56: 30 | B56: female | C56: true | D56: false | E56: true | F56: false | G56: false | H56: true | I56: false | J56: false | K56: false | L56: false | M56: false | N56: 0.7 | O56: 50 | P56: 78 | Q56: 4.2 | R56: 74 | S56: false | T56: live
A57: 37 | B57: female | C57: false | D57: false | E57: true | F57: true | G57: true | H57: true | I57: false | J57: false | K57: false | L57: false | M57: false | N57: 0.8 | O57: 92 | P57: 59 | S57: false | T57: live
A58: 34 | B58: female | C58: false | D58: false | S58: false | T58: live
A59: 30 | B59: female | C59: true | D59: true | E59: false | F59: false | G59: false | H59: true | I59: false | J59: false | K59: false | L59: false | M59: false | N59: 0.7 | O59: 52 | P59: 38 | Q59: 3.9 | R59: 52 | S59: false | T59: live
A60: 64 | B60: female | C60: true | D60: true | E60: true | F60: true | G60: false | H60: false | I60: true | J60: false | K60: false | L60: false | M60: false | N60: 1 | O60: 80 | P60: 38 | Q60: 4.3 | R60: 74 | S60: false | T60: live
A61: 45 | B61: male | C61: false | D61: false | E61: true | F61: true | G61: false | H61: true | I61: false | J61: true | K61: false | L61: false | M61: false | N61: 1 | O61: 85 | P61: 75 | S61: false | T61: live
A62: 37 | B62: female | C62: true | D62: false | E62: false | F62: false | G62: false | H62: true | I62: false | J62: false | K62: false | L62: false | M62: false | N62: 0.7 | O62: 26 | P62: 58 | Q62: 4.5 | R62: 100 | S62: false | T62: live
A63: 32 | B63: female | C63: true | D63: false | E63: false | F63: false | G63: false | H63: true | I63: false | J63: false | K63: false | L63: false | M63: false | N63: 0.7 | O63: 102 | P63: 64 | Q63: 4 | R63: 90 | S63: false | T63: live
A64: 32 | B64: female | C64: true | D64: false | E64: true | F64: true | G64: true | H64: true | I64: false | J64: false | K64: true | L64: false | M64: true | N64: 3.5 | O64: 215 | P64: 54 | Q64: 3.4 | R64: 29 | S64: false | T64: live
A65: 36 | B65: female | C65: false | D65: false | E65: false | F65: false | G65: false | H65: false | I65: true | J65: true | K65: false | L65: false | M65: false | N65: 0.7 | O65: 164 | P65: 44 | Q65: 3.1 | R65: 41 | S65: false | T65: live
A66: 49 | B66: female | C66: true | D66: false | E66: true | F66: true | G66: false | H66: true | I66: false | J66: false | K66: false | L66: false | M66: false | N66: 0.8 | O66: 103 | P66: 43 | Q66: 3.5 | R66: 66 | S66: false | T66: live
A67: 27 | B67: female | C67: true | D67: false | E67: false | F67: false | G67: false | H67: true | I67: false | J67: false | K67: false | L67: false | M67: false | N67: 0.8 | P67: 38 | Q67: 4.2 | S67: false | T67: live
A68: 56 | B68: female | C68: false | D68: false | E68: false | F68: false | G68: false | H68: true | I68: false | J68: false | K68: false | L68: false | M68: false | N68: 0.7 | O68: 62 | P68: 33 | Q68: 3 | S68: false | T68: live
A69: 57 | B69: female | C69: true | D69: false | E69: true | F69: true | G69: true | H69: true | I69: false | J69: false | K69: true | L69: true | M69: false | N69: 4.1 | P69: 48 | Q69: 2.6 | R69: 73 | S69: false | T69: die
A70: 39 | B70: female | C70: true | D70: false | E70: true | F70: false | G70: false | H70: true | I70: false | J70: false | K70: false | L70: false | M70: false | N70: 1 | O70: 34 | P70: 15 | Q70: 4 | R70: 54 | S70: false | T70: live
A71: 44 | B71: female | C71: false | D71: false | E71: true | F71: true | G71: false | H71: true | I71: false | J71: false | K71: false | L71: false | M71: false | N71: 1.6 | O71: 68 | P71: 68 | Q71: 3.7 | S71: false | T71: live
A72: 24 | B72: female | C72: true | D72: false | E72: false | F72: false | G72: false | H72: true | I72: false | J72: false | K72: false | L72: false | M72: false | N72: 0.8 | O72: 82 | P72: 39 | Q72: 4.3 | S72: false | T72: live
A73: 34 | B73: female | C73: false | D73: false | E73: true | F73: true | G73: false | H73: false | I73: true | J73: false | K73: true | L73: false | M73: false | N73: 2.8 | O73: 127 | P73: 182 | S73: false | T73: die
A74: 51 | B74: female | C74: true | D74: false | E74: true | F74: true | G74: true | N74: 0.9 | O74: 76 | P74: 271 | Q74: 4.4 | S74: false | T74: live
A75: 36 | B75: female | C75: false | D75: false | E75: true | F75: true | G75: true | H75: true | I75: true | J75: false | K75: false | L75: false | M75: false | N75: 1 | P75: 45 | Q75: 4 | R75: 57 | S75: false | T75: live
A76: 50 | B76: female | C76: true | D76: false | E76: false | F76: false | G76: false | H76: true | I76: false | J76: false | K76: false | L76: false | M76: false | N76: 1.5 | O76: 100 | P76: 100 | Q76: 5.3 | S76: false | T76: live
A77: 32 | B77: female | C77: false | D77: true | E77: true | F77: true | G77: false | H77: true | I77: false | J77: false | K77: false | L77: false | M77: false | N77: 1 | O77: 55 | P77: 45 | Q77: 4.1 | R77: 56 | S77: false | T77: live
A78: 58 | B78: female | C78: true | D78: false | E78: true | F78: false | G78: false | H78: false | I78: true | J78: true | K78: true | L78: false | M78: false | N78: 2 | O78: 167 | P78: 242 | Q78: 3.3 | S78: false | T78: die
A79: 34 | B79: male | C79: false | D79: true | E79: false | F79: false | G79: false | H79: true | I79: true | J79: false | K79: false | L79: false | M79: false | N79: 0.6 | O79: 30 | P79: 24 | Q79: 4 | R79: 76 | S79: false | T79: live
A80: 34 | B80: female | C80: false | D80: false | E80: true | F80: false | G80: false | H80: false | I80: true | J80: false | K80: true | L80: false | M80: false | N80: 1 | O80: 72 | P80: 46 | Q80: 4.4 | R80: 57 | S80: false | T80: live
A81: 28 | B81: female | C81: true | D81: false | E81: false | F81: false | G81: false | H81: true | I81: false | J81: false | K81: false | L81: false | M81: false | N81: 0.7 | O81: 85 | P81: 31 | Q81: 4.9 | S81: false | T81: live
A82: 23 | B82: female | C82: true | D82: false | E82: true | F82: true | G82: true | H82: true | I82: false | J82: false | K82: false | L82: false | M82: false | N82: 0.8 | P82: 14 | Q82: 4.8 | S82: false | T82: live
A83: 36 | B83: female | C83: true | D83: false | E83: false | F83: false | G83: false | H83: true | I83: false | J83: false | K83: false | L83: false | M83: false | N83: 0.7 | O83: 62 | P83: 224 | Q83: 4.2 | R83: 100 | S83: false | T83: live
A84: 30 | B84: female | C84: false | D84: false | E84: false | F84: false | G84: false | H84: true | I84: false | J84: false | K84: false | L84: false | M84: false | N84: 0.7 | O84: 100 | P84: 31 | Q84: 4 | R84: 100 | S84: false | T84: live
A85: 67 | B85: male | C85: false | D85: false | E85: true | F85: true | G85: false | H85: true | I85: false | N85: 1.5 | O85: 179 | P85: 69 | Q85: 2.9 | S85: false | T85: live
A86: 62 | B86: male | C86: true | D86: false | E86: true | F86: true | G86: false | H86: true | I86: true | J86: false | K86: true | L86: false | M86: false | N86: 1.3 | O86: 141 | P86: 156 | Q86: 3.9 | R86: 58 | S86: false | T86: live
A87: 28 | B87: female | C87: false | D87: false | E87: true | F87: true | G87: true | H87: true | I87: true | J87: false | K87: false | L87: false | M87: false | N87: 1.6 | O87: 44 | P87: 123 | Q87: 4 | R87: 46 | S87: false | T87: live
A88: 44 | B88: female | C88: false | D88: false | E88: true | F88: true | G88: false | H88: true | I88: false | J88: true | K88: false | L88: false | M88: true | N88: 0.9 | O88: 135 | P88: 55 | R88: 41 | S88: true | T88: die
A89: 30 | B89: female | C89: true | D89: false | E89: true | F89: true | G89: true | H89: true | I89: true | J89: false | K89: true | L89: true | M89: true | N89: 2.5 | O89: 165 | P89: 64 | Q89: 2.8 | S89: true | T89: die
A90: 38 | B90: female | C90: false | D90: false | E90: true | F90: true | G90: true | H90: true | I90: true | J90: false | K90: true | L90: true | M90: true | N90: 1.2 | O90: 118 | P90: 16 | Q90: 2.8 | S90: true | T90: die
A91: 38 | B91: female | C91: false | D91: false | E91: true | F91: true | G91: true | H91: false | I91: true | J91: false | K91: false | L91: false | M91: false | N91: 0.6 | O91: 76 | P91: 18 | Q91: 4.4 | R91: 84 | S91: true | T91: live
A92: 50 | B92: male | C92: false | D92: false | E92: true | F92: false | G92: false | H92: false | I92: true | J92: true | K92: true | L92: false | M92: false | N92: 0.9 | O92: 230 | P92: 117 | Q92: 3.4 | R92: 41 | S92: true | T92: live
A93: 42 | B93: female | C93: false | D93: false | E93: true | F93: true | G93: true | H93: true | I93: false | J93: true | K93: true | L93: false | M93: true | N93: 4.6 | P93: 55 | Q93: 3.3 | S93: true | T93: die
A94: 33 | B94: female | C94: true | D94: false | E94: false | F94: false | G94: false | J94: false | K94: false | L94: false | M94: false | N94: 1 | P94: 60 | Q94: 4 | S94: true | T94: live
A95: 52 | B95: female | C95: false | D95: false | E95: false | F95: false | G95: false | H95: true | I95: false | J95: false | K95: false | L95: false | M95: false | N95: 1.5 | P95: 69 | Q95: 2.9 | S95: true | T95: live
A96: 59 | B96: female | C96: false | D96: false | E96: true | F96: true | G96: false | H96: true | I96: true | J96: true | K96: true | L96: false | M96: false | N96: 1.5 | O96: 107 | P96: 157 | Q96: 3.6 | R96: 38 | S96: true | T96: die
A97: 40 | B97: female | C97: false | D97: true | E97: true | F97: true | G97: true | H97: false | I97: true | J97: false | K97: false | L97: false | M97: false | N97: 0.6 | O97: 40 | P97: 69 | Q97: 4.2 | R97: 67 | S97: true | T97: live
A98: 30 | B98: female | C98: false | D98: false | E98: true | F98: true | G98: false | H98: true | I98: true | J98: false | K98: true | L98: false | M98: false | N98: 0.8 | O98: 147 | P98: 128 | Q98: 3.9 | R98: 100 | S98: true | T98: live
A99: 44 | B99: female | C99: false | D99: false | E99: true | F99: true | G99: false | H99: false | I99: true | J99: false | K99: true | L99: false | M99: false | N99: 3 | O99: 114 | P99: 65 | Q99: 3.5 | S99: true | T99: live
A100: 47 | B100: female | C100: true | D100: false | E100: false | F100: false | G100: false | H100: true | I100: false | J100: false | K100: true | L100: false | M100: true | N100: 2 | O100: 84 | P100: 23 | Q100: 4.2 | R100: 66 | S100: true | T100: die
...

Sheet analysis_steps
B2: N° | C2: Date | D2: Etapes | E2: Variable(s) | F2: Action réalisée | G2: Justification | H2: Livrables | I2: Observations
D3: Téléchargement de la base et de la documentation officielle
D4: File conversion
D5: Data inspection
D6: dictionnary
D7: Descriptives statistics

Sheet data_inspection
A2: Inspection
A4: Dimensions
A6: Rows | B6: =ROWS(hepatitis!A2:A156) -> 155
A7: Columns | B7: =COLUMNS(hepatitis!A1:T1) -> 20
A9: Data quality control
A11: Duplicates | B11: 0 | C11: There is no informations in the official documentation concerning duplicates values
A13: Missing values
A15: Variables | B15: Missing values | C15: Percentage (%)
A16: Class | B16: =COUNTBLANK(hepatitis!T2:T156) -> 0 | C16: =B16/100 -> 0
A17: Age | B17: =COUNTBLANK(hepatitis!A2:A156) -> 0 | C17: =B17/100 -> 0
A18: Sex | B18: =COUNTBLANK(hepatitis!B2:B156) -> 0 | C18: =B18/100 -> 0
A19: Steroid | B19: =COUNTBLANK(hepatitis!C2:C156) -> 1 | C19: =B19/100 -> 0.01
A20: Antivirals | B20: =COUNTBLANK(hepatitis!D2:D156) -> 0 | C20: =B20/100 -> 0
A21: Fatigue | B21: =COUNTBLANK(hepatitis!E2:E156) -> 1 | C21: =B21/100 -> 0.01
A22: Malaise | B22: =COUNTBLANK(hepatitis!F2:F156) -> 1 | C22: =B22/100 -> 0.01
A23: Anorexia | B23: =COUNTBLANK(hepatitis!G2:G156) -> 1 | C23: =B23/100 -> 0.01
A24: Liver Big | B24: =COUNTBLANK(hepatitis!H2:H156) -> 10 | C24: =B24/100 -> 0.1
A25: Liver Firm | B25: =COUNTBLANK(hepatitis!I2:I156) -> 11 | C25: =B25/100 -> 0.11
A26: Spleen Palpable | B26: =COUNTBLANK(hepatitis!J2:J156) -> 5 | C26: =B26/100 -> 0.05
A27: Spiders | B27: =COUNTBLANK(hepatitis!K2:K156) -> 5 | C27: =B27/100 -> 0.05
A28: Ascites | B28: =COUNTBLANK(hepatitis!L2:L156) -> 5 | C28: =B28/100 -> 0.05
A29: Varices | B29: =COUNTBLANK(hepatitis!M2:M156) -> 5 | C29: =B29/100 -> 0.05
A30: Bilirubin | B30: =COUNTBLANK(hepatitis!N2:N156) -> 6 | C30: =B30/100 -> 0.06
A31: Alk Phosphate | B31: =COUNTBLANK(hepatitis!O2:O156) -> 29 | C31: =B31/100 -> 0.29
A32: SGOT | B32: =COUNTBLANK(hepatitis!P2:P156) -> 4 | C32: =B32/100 -> 0.04
A33: Albumin | B33: =COUNTBLANK(hepatitis!Q2:Q156) -> 16 | C33: =B33/100 -> 0.16
A34: Protime | B34: =COUNTBLANK(hepatitis!S2:S156) -> 0 | C34: =B34/100 -> 0
A35: Histology | B35: =COUNTBLANK(hepatitis!S2:S156) -> 0 | C35: =B35/100 -> 0
A38: Consistency
A40: Inconsistent data | B40: 0
A41: Inconsistent modalities | B41: 0
A44: Conclusion
A48: Control Check | B48: Result
A49: Dataset structure | B49: Consistent with the original dataset
A50: Number of observations | B50: 155
A51: Number of variables | B51: 20
A52: Duplicate records | B52: None identified
A53: Missing values | B53: Identified and quantified
A54: Inconsistent categorical values | B54: None identified
A55: Inconsistent data | B55: None identified
A56: Data dictionary | B56: Complete and consistent with the official documentation
A57: Overall data quality | B57: Satisfactory

Sheet dictionnary
A3: Variables_table
A5: Variable | B5: Description | C5: Type | D5: Unit | E5: Modalities
A6: Class | B6: Patient outcome indicating if the patient died or survived | C6: Qualitative binary | E6: die; live
A7: Age | B7: Age of the patient | C7: Quantitative discrete | D7: years
A8: Sex | B8: Sex of the patient | C8: Qualitative binary | E8: male; female
A9: Steroid | B9: If the patient received steroid treatment | C9: Qualitative binary | E9: true; false
A10: Antivirals | B10: If the patient received antiviral treatment | C10: Qualitative binary | E10: true; false
A11: Fatigue | B11: Presence of fatigue | C11: Qualitative binary | E11: true; false
A12: Malaise | B12: Presence of malaise or general discomfort | C12: Qualitative binary | E12: true; false
A13: Anorexia | B13: Presence of anorexia or loss of appetite | C13: Qualitative binary | E13: true; false
A14: Liver Big | B14: Presence of an enlarged liver | C14: Qualitative binary | E14: true; false
A15: Liver Firm | B15: Presence of a firm liver | C15: Qualitative binary | E15: true; false
A16: Spleen Palpable | B16: If the spleen is palpable on physical examination | C16: Qualitative binary | E16: true; false
A17: Spiders | B17: Presence of spider nevi or spider-like blood vessels on the skin | C17: Qualitative binary | E17: true; false
A18: Ascites | B18: Presence of ascites, characterized by abnormal fluid accumulation in the abdomen | C18: Qualitative binary | E18: true; false
A19: Varices | B19: Presence of varices, which are abnormally enlarged veins associated with liver disease | C19: Qualitative binary | E19: true; false
... A25: Histology | B25: Histological examination result indicating If histological evidence of liver disease was present | C25: Qualitative binary | E25: true; false

Sheet hepatitis_table
A1: age | B1: sex | C1: steroid | D1: antivirals | E1: fatigue | F1: malaise | G1: anorexia | H1: liver_big | I1: liver_firm | J1: spleen_palpable | K1: spiders | L1: ascites | M1: varices | N1: bilirubin | O1: alk_phosphate | P1: sgot | Q1: albumin | R1: protime | S1: histology | T1: class
A2: 30 | B2: male | C2: false | D2: false | E2: false | F2: false | G2: false | H2: false | I2: false | J2: false | K2: false | L2: false | M2: false | N2: 1 | O2: 85 | P2: 18 | Q2: 4 | S2: false | T2: live
A3: 50 | B3: female | C3: false | D3: false | E3: true | F3: false | G3: false | H3: false | I3: false | J3: false | K3: false | L3: false | M3: false | N3: 0.9 | O3: 135 | P3: 42 | Q3: 3.5 | S3: false | T3: live
A4: 78 | B4: female | C4: true | D4: false | E4: true | F4: false | G4: false | H4: true | I4: false | J4: false | K4: false | L4: false | M4: false | N4: 0.7 | O4: 96 | P4: 32 | Q4: 4 | S4: false | T4: live
A5: 31 | B5: female | D5: true | E5: false | F5: false | G5: false | H5: true | I5: false | J5: false | K5: false | L5: false | M5: false | N5: 0.7 | O5: 46 | P5: 52 | Q5: 4 | R5: 80 | S5: false | T5: live
A6: 34 | B6: female | C6: true | D6: false | E6: false | F6: false | G6: false | H6: true | I6: false | J6: false | K6: false | L6: false | M6: false | N6: 1 | P6: 200 | Q6: 4 | S6: false | T6: live
A7: 34 | B7: female | C7: true | D7: false | E7: false | F7: false | G7: false | H7: true | I7: false | J7: false | K7: false | L7: false | M7: false | N7: 0.9 | O7: 95 | P7: 28 | Q7: 4 | R7: 75 | S7: false | T7: live
A8: 51 | B8: female | C8: false | D8: false | E8: true | F8: false | G8: true | H8: true | I8: false | J8: true | K8: true | L8: false | M8: false | S8: false | T8: die
A9: 23 | B9: female | C9: true | D9: false | E9: false | F9: false | G9: false | H9: true | I9: false | J9: false | K9: false | L9: false | M9: false | N9: 1 | S9: false | T9: live
A10: 39 | B10: female | C10: true | D10: false | E10: true | F10: false | G10: false | H10: true | I10: true | J10: false | K10: false | L10: false | M10: false | N10: 0.7 | P10: 48 | Q10: 4.4 | S10: false | T10: live
A11: 30 | B11: female | C11: true | D11: false | E11: false | F11: false | G11: false | H11: true | I11: false | J11: false | K11: false | L11: false | M11: false | N11: 1 | P11: 120 | Q11: 3.9 | S11: false | T11: live
A12: 39 | B12: female | C12: false | D12: true | E12: false | F12: false | G12: false | H12: false | I12: true | J12: false | K12: false | L12: false | M12: false | N12: 1.3 | O12: 78 | P12: 30 | Q12: 4.4 | R12: 85 | S12: false | T12: live
A13: 32 | B13: female | C13: true | D13: true | E13: true | F13: false | G13: false | H13: true | I13: true | J13: false | K13: true | L13: false | M13: false | N13: 1 | O13: 59 | P13: 249 | Q13: 3.7 | R13: 54 | S13: false | T13: live
A14: 41 | B14: female | C14: true | D14: true | E14: true | F14: false | G14: false | H14: true | I14: true | J14: false | K14: false | L14: false | M14: false | N14: 0.9 | O14: 81 | P14: 60 | Q14: 3.9 | R14: 52 | S14: false | T14: live
A15: 30 | B15: female | C15: true | D15: false | E15: true | F15: false | G15: false | H15: true | I15: true | J15: false | K15: false | L15: false | M15: false | N15: 2.2 | O15: 57 | P15: 144 | Q15: 4.9 | R15: 78 | S15: false | T15: live
A16: 47 | B16: female | C16: false | D16: true | E16: false | F16: false | G16: false | H16: true | I16: false | J16: false | K16: false | L16: false | M16: false | P16: 60 | S16: false | T16: live
A17: 38 | B17: female | C17: false | D17: false | E17: true | F17: true | G17: true | H17: true | I17: false | J17: false | K17: false | L17: true | M17: false | N17: 2 | O17: 72 | P17: 89 | Q17: 2.9 | R17: 46 | S17: false | T17: live
A18: 66 | B18: female | C18: true | D18: false | E18: true | F18: false | G18: false | H18: true | I18: false | J18: false | K18: false | L18: false | M18: false | N18: 1.2 | O18: 102 | P18: 53 | Q18: 4.3 | S18: false | T18: live
A19: 40 | B19: female | C19: false | D19: false | E19: true | F19: false | G19: false | H19: true | I19: true | J19: false | K19: false | L19: false | M19: false | N19: 0.6 | O19: 62 | P19: 166 | Q19: 4 | R19: 63 | S19: false | T19: live
A20: 38 | B20: female | C20: true | D20: false | E20: false | F20: false | G20: false | H20: true | I20: false | J20: false | K20: false | L20: false | M20: false | N20: 0.7 | O20: 53 | P20: 42 | Q20: 4.1 | R20: 85 | S20: true | T20: live
A21: 38 | B21: female | C21: false | D21: true | E21: false | F21: false | G21: false | H21: false | I21: true | J21: false | K21: false | L21: false | M21: false | N21: 0.7 | O21: 70 | P21: 28 | Q21: 4.2 | R21: 62 | S21: false | T21: live
A22: 22 | B22: male | C22: true | D22: true | E22: true | F22: false | G22: false | H22: true | I22: false | J22: false | K22: false | L22: false | M22: false | N22: 0.9 | O22: 48 | P22: 20 | Q22: 4.2 | R22: 64 | S22: false | T22: live
A23: 27 | B23: female | C23: true | D23: false | E23: true | F23: true | G23: true | H23: false | I23: true | J23: true | K23: true | L23: false | M23: false | N23: 1.2 | O23: 133 | P23: 98 | Q23: 4.1 | R23: 39 | S23: false | T23: live
A24: 31 | B24: female | C24: true | D24: false | E24: false | F24: false | G24: false | H24: true | I24: false | J24: false | K24: false | L24: false | M24: false | N24: 1 | O24: 85 | P24: 20 | Q24: 4 | R24: 100 | S24: false | T24: live
A25: 42 | B25: female | C25: true | D25: false | E25: false | F25: false | G25: false | H25: true | I25: false | J25: false | K25: false | L25: false | M25: false | N25: 0.9 | O25: 60 | P25: 63 | Q25: 4.7 | R25: 47 | S25: false | T25: live
A26: 25 | B26: male | C26: false | D26: true | E26: false | F26: false | G26: false | H26: true | I26: false | J26: false | K26: false | L26: false | M26: false | N26: 0.4 | O26: 45 | P26: 18 | Q26: 4.3 | R26: 70 | S26: false | T26: live
A27: 27 | B27: female | C27: false | D27: false | E27: true | F27: true | G27: false | H27: true | I27: false | J27: false | K27: false | L27: false | M27: false | N27: 0.8 | O27: 95 | P27: 46 | Q27: 3.8 | R27: 100 | S27: false | T27: live
A28: 49 | B28: female | C28: false | D28: true | E28: true | F28: true | G28: true | H28: true | I28: true | J28: false | K28: true | L28: false | M28: false | N28: 0.6 | O28: 85 | P28: 48 | Q28: 3.7 | S28: false | T28: live
A29: 58 | B29: male | C29: true | D29: false | E29: true | F29: false | G29: false | H29: true | I29: true | J29: false | K29: true | L29: false | M29: false | N29: 1.4 | O29: 175 | P29: 55 | Q29: 2.7 | R29: 36 | S29: false | T29: live
A30: 61 | B30: female | C30: false | D30: false | E30: true | F30: false | G30: false | H30: false | I30: true | J30: false | K30: false | L30: false | M30: false | N30: 1.3 | O30: 78 | P30: 25 | Q30: 3.8 | R30: 100 | S30: false | T30: live
A31: 51 | B31: female | C31: false | D31: true | E31: true | F31: true | G31: false | H31: true | I31: false | J31: false | K31: false | L31: false | M31: false | N31: 1 | O31: 78 | P31: 58 | Q31: 4.6 | R31: 52 | S31: false | T31: live
A32: 39 | B32: female | C32: false | D32: true | E32: true | F32: true | G32: false | H32: true | I32: true | J32: false | K32: false | L32: false | M32: false | N32: 2.3 | O32: 280 | P32: 98 | Q32: 3.8 | R32: 40 | S32: false | T32: die
A33: 62 | B33: female | C33: false | D33: false | E33: true | F33: true | G33: false | J33: false | K33: false | L33: false | M33: false | N33: 1 | P33: 60 | S33: false | T33: die
A34: 41 | B34: male | C34: true | D34: true | E34: true | F34: true | G34: true | H34: true | I34: false | J34: false | K34: false | L34: false | M34: false | N34: 0.7 | O34: 81 | P34: 53 | Q34: 5 | R34: 74 | S34: false | T34: live
A35: 26 | B35: male | C35: false | D35: false | E35: false | F35: false | G35: false | H35: true | I35: true | J35: false | K35: false | L35: false | M35: false | N35: 0.5 | O35: 135 | P35: 29 | Q35: 3.8 | R35: 60 | S35: false | T35: live
A36: 35 | B36: female | C36: true | D36: false | E36: true | F36: false | G36: false | H36: true | I36: false | J36: false | K36: false | L36: false | M36: false | N36: 0.9 | O36: 58 | P36: 92 | Q36: 4.3 | R36: 73 | S36: false | T36: live
A37: 37 | B37: female | C37: true | D37: false | E37: true | F37: false | G37: false | H37: true | I37: false | J37: false | K37: true | L37: false | M37: false | N37: 0.6 | O37: 67 | P37: 28 | Q37: 4.2 | S37: false | T37: die
A38: 23 | B38: female | C38: true | D38: false | E38: true | F38: true | G38: true | H38: true | I38: false | J38: true | K38: false | L38: false | M38: false | N38: 1.3 | O38: 194 | P38: 150 | Q38: 4.1 | R38: 90 | S38: false | T38: live
A39: 20 | B39: male | C39: false | D39: false | E39: true | F39: true | G39: true | H39: false | I39: true | J39: true | K39: true | L39: false | M39: false | N39: 2.3 | O39: 150 | P39: 68 | Q39: 3.9 | S39: false | T39: live
A40: 42 | B40: female | C40: false | D40: false | E40: false | F40: false | G40: false | H40: true | I40: false | J40: false | K40: false | L40: false | M40: false | N40: 1 | O40: 85 | P40: 14 | Q40: 4 | R40: 100 | S40: false | T40: live
A41: 65 | B41: female | C41: true | D41: false | E41: true | F41: true | G41: false | H41: true | I41: true | J41: true | K41: true | L41: true | M41: false | N41: 0.3 | O41: 180 | P41: 53 | Q41: 2.9 | R41: 74 | S41: true | T41: live
A42: 52 | B42: female | C42: false | D42: true | E42: false | F42: false | G42: false | H42: true | I42: false | J42: false | K42: false | L42: false | M42: false | N42: 0.7 | O42: 75 | P42: 55 | Q42: 4 | R42: 21 | S42: false | T42: live
A43: 23 | B43: female | C43: true | D43: false | E43: false | F43: false | G43: false | N43: 4.6 | O43: 56 | P43: 16 | Q43: 4.6 | S43: false | T43: live
A44: 33 | B44: female | C44: true | D44: false | E44: false | F44: false | G44: false | H44: true | I44: false | J44: false | K44: false | L44: false | M44: false | N44: 1 | O44: 46 | P44: 90 | Q44: 4.4 | R44: 60 | S44: false | T44: live
A45: 56 | B45: female | C45: false | D45: false | E45: true | F45: false | G45: false | H45: true | I45: false | J45: false | K45: false | L45: false | M45: false | N45: 0.7 | O45: 71 | P45: 18 | Q45: 4.4 | R45: 100 | S45: false | T45: live
A46: 34 | B46: female | C46: true | D46: false | E46: false | F46: false | G46: false | H46: true | I46: false | J46: false | K46: false | L46: false | M46: false | P46: 86 | S46: false | T46: live
A47: 28 | B47: female | C47: true | D47: false | E47: true | F47: true | G47: false | H47: true | I47: false | J47: false | K47: false | L47: false | M47: false | N47: 0.7 | O47: 74 | P47: 110 | Q47: 4.4 | S47: false | T47: live
A48: 37 | B48: female | C48: false | D48: false | E48: false | F48: false | G48: false | H48: true | I48: true | J48: false | K48: true | L48: false | M48: false | N48: 0.6 | O48: 80 | P48: 80 | Q48: 3.8 | S48: false | T48: live
A49: 28 | B49: male | C49: true | D49: false | E49: true | F49: true | G49: false | H49: true | I49: true | J49: false | K49: false | L49: false | M49: false | N49: 1.8 | O49: 191 | P49: 420 | Q49: 3.3 | R49: 46 | S49: false | T49: live
A50: 36 | B50: female | C50: false | D50: false | E50: false | F50: false | G50: false | H50: true | I50: false | J50: true | K50: false | L50: false | M50: false | N50: 0.8 | O50: 85 | P50: 44 | Q50: 4.2 | R50: 85 | S50: false | T50: live
A51: 38 | B51: female | C51: true | D51: true | E51: true | F51: true | G51: true | H51: true | I51: false | J51: false | K51: true | L51: false | M51: false | N51: 0.7 | O51: 125 | P51: 65 | Q51: 4.2 | R51: 77 | S51: false | T51: live
A52: 39 | B52: female | C52: false | D52: false | E52: false | F52: false | G52: false | H52: true | I52: false | J52: false | K52: false | L52: false | M52: false | N52: 0.9 | O52: 85 | P52: 60 | Q52: 4 | S52: false | T52: live
A53: 39 | B53: female | C53: true | D53: false | E53: false | F53: false | G53: false | H53: true | I53: false | J53: false | K53: false | L53: false | M53: false | N53: 1 | O53: 85 | P53: 20 | Q53: 4 | S53: false | T53: live
A54: 44 | B54: female | C54: true | D54: false | E54: false | F54: false | G54: false | H54: true | I54: false | J54: false | K54: false | L54: false | M54: false | N54: 0.6 | O54: 110 | P54: 145 | Q54: 4.4 | R54: 70 | S54: false | T54: live
A55: 40 | B55: female | C55: true | D55: true | E55: true | F55: false | G55: false | H55: true | I55: true | J55: true | K55: false | L55: false | M55: false | N55: 1.2 | O55: 85 | P55: 31 | Q55: 4 | R55: 100 | S55: false | T55: live
A56: 30 | B56: female | C56: true | D56: false | E56: true | F56: false | G56: false | H56: true | I56: false | J56: false | K56: false | L56: false | M56: false | N56: 0.7 | O56: 50 | P56: 78 | Q56: 4.2 | R56: 74 | S56: false | T56: live
A57: 37 | B57: female | C57: false | D57: false | E57: true | F57: true | G57: true | H57: true | I57: false | J57: false | K57: false | L57: false | M57: false | N57: 0.8 | O57: 92 | P57: 59 | S57: false | T57: live
A58: 34 | B58: female | C58: false | D58: false | S58: false | T58: live
A59: 30 | B59: female | C59: true | D59: true | E59: false | F59: false | G59: false | H59: true | I59: false | J59: false | K59: false | L59: false | M59: false | N59: 0.7 | O59: 52 | P59: 38 | Q59: 3.9 | R59: 52 | S59: false | T59: live
A60: 64 | B60: female | C60: true | D60: true | E60: true | F60: true | G60: false | H60: false | I60: true | J60: false | K60: false | L60: false | M60: false | N60: 1 | O60: 80 | P60: 38 | Q60: 4.3 | R60: 74 | S60: false | T60: live
A61: 45 | B61: male | C61: false | D61: false | E61: true | F61: true | G61: false | H61: true | I61: false | J61: true | K61: false | L61: false | M61: false | N61: 1 | O61: 85 | P61: 75 | S61: false | T61: live
A62: 37 | B62: female | C62: true | D62: false | E62: false | F62: false | G62: false | H62: true | I62: false | J62: false | K62: false | L62: false | M62: false | N62: 0.7 | O62: 26 | P62: 58 | Q62: 4.5 | R62: 100 | S62: false | T62: live
A63: 32 | B63: female | C63: true | D63: false | E63: false | F63: false | G63: false | H63: true | I63: false | J63: false | K63: false | L63: false | M63: false | N63: 0.7 | O63: 102 | P63: 64 | Q63: 4 | R63: 90 | S63: false | T63: live
A64: 32 | B64: female | C64: true | D64: false | E64: true | F64: true | G64: true | H64: true | I64: false | J64: false | K64: true | L64: false | M64: true | N64: 3.5 | O64: 215 | P64: 54 | Q64: 3.4 | R64: 29 | S64: false | T64: live
A65: 36 | B65: female | C65: false | D65: false | E65: false | F65: false | G65: false | H65: false | I65: true | J65: true | K65: false | L65: false | M65: false | N65: 0.7 | O65: 164 | P65: 44 | Q65: 3.1 | R65: 41 | S65: false | T65: live
A66: 49 | B66: female | C66: true | D66: false | E66: true | F66: true | G66: false | H66: true | I66: false | J66: false | K66: false | L66: false | M66: false | N66: 0.8 | O66: 103 | P66: 43 | Q66: 3.5 | R66: 66 | S66: false | T66: live
A67: 27 | B67: female | C67: true | D67: false | E67: false | F67: false | G67: false | H67: true | I67: false | J67: false | K67: false | L67: false | M67: false | N67: 0.8 | P67: 38 | Q67: 4.2 | S67: false | T67: live
A68: 56 | B68: female | C68: false | D68: false | E68: false | F68: false | G68: false | H68: true | I68: false | J68: false | K68: false | L68: false | M68: false | N68: 0.7 | O68: 62 | P68: 33 | Q68: 3 | S68: false | T68: live
A69: 57 | B69: female | C69: true | D69: false | E69: true | F69: true | G69: true | H69: true | I69: false | J69: false | K69: true | L69: true | M69: false | N69: 4.1 | P69: 48 | Q69: 2.6 | R69: 73 | S69: false | T69: die
A70: 39 | B70: female | C70: true | D70: false | E70: true | F70: false | G70: false | H70: true | I70: false | J70: false | K70: false | L70: false | M70: false | N70: 1 | O70: 34 | P70: 15 | Q70: 4 | R70: 54 | S70: false | T70: live
A71: 44 | B71: female | C71: false | D71: false | E71: true | F71: true | G71: false | H71: true | I71: false | J71: false | K71: false | L71: false | M71: false | N71: 1.6 | O71: 68 | P71: 68 | Q71: 3.7 | S71: false | T71: live
A72: 24 | B72: female | C72: true | D72: false | E72: false | F72: false | G72: false | H72: true | I72: false | J72: false | K72: false | L72: false | M72: false | N72: 0.8 | O72: 82 | P72: 39 | Q72: 4.3 | S72: false | T72: live
A73: 34 | B73: female | C73: false | D73: false | E73: true | F73: true | G73: false | H73: false | I73: true | J73: false | K73: true | L73: false | M73: false | N73: 2.8 | O73: 127 | P73: 182 | S73: false | T73: die
A74: 51 | B74: female | C74: true | D74: false | E74: true | F74: true | G74: true | N74: 0.9 | O74: 76 | P74: 271 | Q74: 4.4 | S74: false | T74: live
A75: 36 | B75: female | C75: false | D75: false | E75: true | F75: true | G75: true | H75: true | I75: true | J75: false | K75: false | L75: false | M75: false | N75: 1 | P75: 45 | Q75: 4 | R75: 57 | S75: false | T75: live
A76: 50 | B76: female | C76: true | D76: false | E76: false | F76: false | G76: false | H76: true | I76: false | J76: false | K76: false | L76: false | M76: false | N76: 1.5 | O76: 100 | P76: 100 | Q76: 5.3 | S76: false | T76: live
A77: 32 | B77: female | C77: false | D77: true | E77: true | F77: true | G77: false | H77: true | I77: false | J77: false | K77: false | L77: false | M77: false | N77: 1 | O77: 55 | P77: 45 | Q77: 4.1 | R77: 56 | S77: false | T77: live
A78: 58 | B78: female | C78: true | D78: false | E78: true | F78: false | G78: false | H78: false | I78: true | J78: true | K78: true | L78: false | M78: false | N78: 2 | O78: 167 | P78: 242 | Q78: 3.3 | S78: false | T78: die
A79: 34 | B79: male | C79: false | D79: true | E79: false | F79: false | G79: false | H79: true | I79: true | J79: false | K79: false | L79: false | M79: false | N79: 0.6 | O79: 30 | P79: 24 | Q79: 4 | R79: 76 | S79: false | T79: live
A80: 34 | B80: female | C80: false | D80: false | E80: true | F80: false | G80: false | H80: false | I80: true | J80: false | K80: true | L80: false | M80: false | N80: 1 | O80: 72 | P80: 46 | Q80: 4.4 | R80: 57 | S80: false | T80: live
A81: 28 | B81: female | C81: true | D81: false | E81: false | F81: false | G81: false | H81: true | I81: false | J81: false | K81: false | L81: false | M81: false | N81: 0.7 | O81: 85 | P81: 31 | Q81: 4.9 | S81: false | T81: live
A82: 23 | B82: female | C82: true | D82: false | E82: true | F82: true | G82: true | H82: true | I82: false | J82: false | K82: false | L82: false | M82: false | N82: 0.8 | P82: 14 | Q82: 4.8 | S82: false | T82: live
A83: 36 | B83: female | C83: true | D83: false | E83: false | F83: false | G83: false | H83: true | I83: false | J83: false | K83: false | L83: false | M83: false | N83: 0.7 | O83: 62 | P83: 224 | Q83: 4.2 | R83: 100 | S83: false | T83: live
A84: 30 | B84: female | C84: false | D84: false | E84: false | F84: false | G84: false | H84: true | I84: false | J84: false | K84: false | L84: false | M84: false | N84: 0.7 | O84: 100 | P84: 31 | Q84: 4 | R84: 100 | S84: false | T84: live
A85: 67 | B85: male | C85: false | D85: false | E85: true | F85: true | G85: false | H85: true | I85: false | N85: 1.5 | O85: 179 | P85: 69 | Q85: 2.9 | S85: false | T85: live
A86: 62 | B86: male | C86: true | D86: false | E86: true | F86: true | G86: false | H86: true | I86: true | J86: false | K86: true | L86: false | M86: false | N86: 1.3 | O86: 141 | P86: 156 | Q86: 3.9 | R86: 58 | S86: false | T86: live
A87: 28 | B87: female | C87: false | D87: false | E87: true | F87: true | G87: true | H87: true | I87: true | J87: false | K87: false | L87: false | M87: false | N87: 1.6 | O87: 44 | P87: 123 | Q87: 4 | R87: 46 | S87: false | T87: live
A88: 44 | B88: female | C88: false | D88: false | E88: true | F88: true | G88: false | H88: true | I88: false | J88: true | K88: false | L88: false | M88: true | N88: 0.9 | O88: 135 | P88: 55 | R88: 41 | S88: true | T88: die
A89: 30 | B89: female | C89: true | D89: false | E89: true | F89: true | G89: true | H89: true | I89: true | J89: false | K89: true | L89: true | M89: true | N89: 2.5 | O89: 165 | P89: 64 | Q89: 2.8 | S89: true | T89: die
A90: 38 | B90: female | C90: false | D90: false | E90: true | F90: true | G90: true | H90: true | I90: true | J90: false | K90: true | L90: true | M90: true | N90: 1.2 | O90: 118 | P90: 16 | Q90: 2.8 | S90: true | T90: die
A91: 38 | B91: female | C91: false | D91: false | E91: true | F91: true | G91: true | H91: false | I91: true | J91: false | K91: false | L91: false | M91: false | N91: 0.6 | O91: 76 | P91: 18 | Q91: 4.4 | R91: 84 | S91: true | T91: live
A92: 50 | B92: male | C92: false | D92: false | E92: true | F92: false | G92: false | H92: false | I92: true | J92: true | K92: true | L92: false | M92: false | N92: 0.9 | O92: 230 | P92: 117 | Q92: 3.4 | R92: 41 | S92: true | T92: live
A93: 42 | B93: female | C93: false | D93: false | E93: true | F93: true | G93: true | H93: true | I93: false | J93: true | K93: true | L93: false | M93: true | N93: 4.6 | P93: 55 | Q93: 3.3 | S93: true | T93: die
A94: 33 | B94: female | C94: true | D94: false | E94: false | F94: false | G94: false | J94: false | K94: false | L94: false | M94: false | N94: 1 | P94: 60 | Q94: 4 | S94: true | T94: live
A95: 52 | B95: female | C95: false | D95: false | E95: false | F95: false | G95: false | H95: true | I95: false | J95: false | K95: false | L95: false | M95: false | N95: 1.5 | P95: 69 | Q95: 2.9 | S95: true | T95: live
A96: 59 | B96: female | C96: false | D96: false | E96: true | F96: true | G96: false | H96: true | I96: true | J96: true | K96: true | L96: false | M96: false | N96: 1.5 | O96: 107 | P96: 157 | Q96: 3.6 | R96: 38 | S96: true | T96: die
A97: 40 | B97: female | C97: false | D97: true | E97: true | F97: true | G97: true | H97: false | I97: true | J97: false | K97: false | L97: false | M97: false | N97: 0.6 | O97: 40 | P97: 69 | Q97: 4.2 | R97: 67 | S97: true | T97: live
A98: 30 | B98: female | C98: false | D98: false | E98: true | F98: true | G98: false | H98: true | I98: true | J98: false | K98: true | L98: false | M98: false | N98: 0.8 | O98: 147 | P98: 128 | Q98: 3.9 | R98: 100 | S98: true | T98: live
A99: 44 | B99: female | C99: false | D99: false | E99: true | F99: true | G99: false | H99: false | I99: true | J99: false | K99: true | L99: false | M99: false | N99: 3 | O99: 114 | P99: 65 | Q99: 3.5 | S99: true | T99: live
A100: 47 | B100: female | C100: true | D100: false | E100: false | F100: false | G100: false | H100: true | I100: false | J100: false | K100: true | L100: false | M100: true | N100: 2 | O100: 84 | P100: 23 | Q100: 4.2 | R100: 66 | S100: true | T100: die
...

Sheet descriptives_statistics
A4: Categotical variables
B6: class | C6: Headcount | D6: Percentage
B7: die | C7: 32 | D7: 0.20645161
B8: live | C8: 123 | D8: 0.79354839
B9: Total général | C9: 155 | D9: 1
A14: sex | B14: Headcount | C14: Percentage | E14: steroid | F14: Headcount | G14: Percentage | I14: antivirals | J14: Headcount | K14: Percentage
A15: female | B15: 139 | C15: 0.89677419 | E15: false | F15: 76 | G15: 0.49350649 | I15: false | J15: 131 | K15: 0.84516129
A16: male | B16: 16 | C16: 0.10322581 | E16: true | F16: 78 | G16: 0.50649351 | I16: true | J16: 24 | K16: 0.15483871
A17: Total général | B17: 155 | C17: 1 | E17: (vide) | G17: 0 | I17: Total général | J17: 155 | K17: 1
E18: Total général | F18: 154 | G18: 1
A22: fatigue | B22: Headcount | C22: Percentage | E22: malaise | F22: Headcount | G22: Percentage | I22: anorexia | J22: Headcount | K22: Percentage
A23: false | B23: 54 | C23: 0.35064935 | E23: false | F23: 93 | G23: 0.6038961 | I23: false | J23: 122 | K23: 0.79220779
A24: true | B24: 100 | C24: 0.64935065 | E24: true | F24: 61 | G24: 0.3961039 | I24: true | J24: 32 | K24: 0.20779221
A25: (vide) | C25: 0 | E25: (vide) | G25: 0 | I25: (vide) | K25: 0
A26: Total général | B26: 154 | C26: 1 | E26: Total général | F26: 154 | G26: 1 | I26: Total général | J26: 154 | K26: 1
A30: liver_big | B30: Nombre de liver_big | C30: Percentage | E30: liver_firm | F30: Headcount | G30: Percentage | I30: spleen_palpable | J30: Headcount | K30: Percentage
A31: false | B31: 25 | C31: 0.17241379 | E31: false | F31: 84 | G31: 0.58333333 | I31: false | J31: 120 | K31: 0.8
A32: true | B32: 120 | C32: 0.82758621 | E32: true | F32: 60 | G32: 0.41666667 | I32: true | J32: 30 | K32: 0.2
A33: (vide) | C33: 0 | E33: (vide) | G33: 0 | I33: (vide) | K33: 0
A34: Total général | B34: 145 | C34: 1 | E34: Total général | F34: 144 | G34: 1 | I34: Total général | J34: 150 | K34: 1
